Model,MSE,R2
lasso,12.168803600708593,0.9067473534065525
ridge,12.269472749374499,0.9059759000368179
linear,12.280335100794227,0.9058926590665998
